,session_id,trial_num,category,age,submit_time,submit_date,num_strokes,draw_duration_old,draw_duration_new,trial_duration,mean_intensity,bounding_box,filename
0,CDM_photodraw_e11532111112405,0,this square,age7,1532113443404.0,2018-07-20T19:04:03.404Z,1,0.0,0.0,NaN,0.01055,"(96, 287, 115, 300)",/Users/zixianchai/Desktop/compositionality/shapedraw/analysis/tracing/tracing_CDM_photodraw_e1/this square/age7_CDM_photodraw_e11532111112405_this square.png
1,CDM_photodraw_e11532111112405,1,this shape,age7,1532113464552.0,2018-07-20T19:04:24.552Z,1,0.0,0.0,NaN,0.0177125,"(29, 378, 61, 268)",/Users/zixianchai/Desktop/compositionality/shapedraw/analysis/tracing/tracing_CDM_photodraw_e1/this shape/age7_CDM_photodraw_e11532111112405_this shape.png
2,CDM_photodraw_e11532111112405,2,this circle,age7,1532113478226.0,2018-07-20T19:04:38.226Z,1,0.0,0.0,NaN,0.01038125,"(104, 314, 72, 319)",/Users/zixianchai/Desktop/compositionality/shapedraw/analysis/tracing/tracing_CDM_photodraw_e1/this circle/age7_CDM_photodraw_e11532111112405_this circle.png
3,CDM_photodraw_e11532113637303,0,this square,age4,1532114057337.0,2018-07-20T19:14:17.337Z,13,3.446,3.446,NaN,0.0110875,"(32, 298, 115, 380)",/Users/zixianchai/Desktop/compositionality/shapedraw/analysis/tracing/tracing_CDM_photodraw_e1/this square/age4_CDM_photodraw_e11532113637303_this square.png
4,CDM_photodraw_e11532113637303,1,this shape,age4,1532114087282.0,2018-07-20T19:14:47.282Z,1,0.0,0.0,NaN,0.01916875,"(19, 367, 77, 276)",/Users/zixianchai/Desktop/compositionality/shapedraw/analysis/tracing/tracing_CDM_photodraw_e1/this shape/age4_CDM_photodraw_e11532113637303_this shape.png
5,CDM_photodraw_e11532113637303,2,this circle,age4,1532114106607.0,2018-07-20T19:15:06.607Z,3,7.983,7.983,NaN,0.0128625,"(75, 319, 61, 303)",/Users/zixianchai/Desktop/compositionality/shapedraw/analysis/tracing/tracing_CDM_photodraw_e1/this circle/age4_CDM_photodraw_e11532113637303_this circle.png
6,CDM_photodraw_e11532114278628,0,this square,age5,1532115205213.0,2018-07-20T19:33:25.213Z,1,0.0,0.0,NaN,0.0126125,"(85, 308, 91, 335)",/Users/zixianchai/Desktop/compositionality/shapedraw/analysis/tracing/tracing_CDM_photodraw_e1/this square/age5_CDM_photodraw_e11532114278628_this square.png
7,CDM_photodraw_e11532114278628,1,this shape,age5,1532115218907.0,2018-07-20T19:33:38.907Z,1,0.0,0.0,NaN,0.01371875,"(5, 375, 83, 300)",/Users/zixianchai/Desktop/compositionality/shapedraw/analysis/tracing/tracing_CDM_photodraw_e1/this shape/age5_CDM_photodraw_e11532114278628_this shape.png
8,CDM_photodraw_e11532114278628,2,this circle,age5,1532115233276.0,2018-07-20T19:33:53.276Z,1,0.0,0.0,NaN,0.011,"(125, 335, 75, 290)",/Users/zixianchai/Desktop/compositionality/shapedraw/analysis/tracing/tracing_CDM_photodraw_e1/this circle/age5_CDM_photodraw_e11532114278628_this circle.png
9,CDM_photodraw_e11532119809715,0,this square,age7,1532120297385.0,2018-07-20T20:58:17.385Z,1,0.0,0.0,NaN,0.01030625,"(115, 276, 120, 290)",/Users/zixianchai/Desktop/compositionality/shapedraw/analysis/tracing/tracing_CDM_photodraw_e1/this square/age7_CDM_photodraw_e11532119809715_this square.png
10,CDM_photodraw_e11532119809715,1,this shape,age7,1532120319099.0,2018-07-20T20:58:39.099Z,1,0.0,0.0,NaN,0.0174125,"(8, 356, 72, 284)",/Users/zixianchai/Desktop/compositionality/shapedraw/analysis/tracing/tracing_CDM_photodraw_e1/this shape/age7_CDM_photodraw_e11532119809715_this shape.png
11,CDM_photodraw_e11532119809715,2,this circle,age7,1532120333092.0,2018-07-20T20:58:53.092Z,1,0.0,0.0,NaN,0.01029375,"(96, 319, 107, 306)",/Users/zixianchai/Desktop/compositionality/shapedraw/analysis/tracing/tracing_CDM_photodraw_e1/this circle/age7_CDM_photodraw_e11532119809715_this circle.png
12,CDM_photodraw_e11532122541242,0,this square,age5,1532123345203.0,2018-07-20T21:49:05.203Z,1,0.0,0.0,NaN,0.0080375,"(117, 279, 123, 268)",/Users/zixianchai/Desktop/compositionality/shapedraw/analysis/tracing/tracing_CDM_photodraw_e1/this square/age5_CDM_photodraw_e11532122541242_this square.png
13,CDM_photodraw_e11532122541242,1,this shape,age5,1532123370420.0,2018-07-20T21:49:30.420Z,1,0.0,0.0,NaN,0.0181375,"(32, 351, 85, 274)",/Users/zixianchai/Desktop/compositionality/shapedraw/analysis/tracing/tracing_CDM_photodraw_e1/this shape/age5_CDM_photodraw_e11532122541242_this shape.png
14,CDM_photodraw_e11532122541242,2,this circle,age5,1532123384160.0,2018-07-20T21:49:44.160Z,1,0.0,0.0,NaN,0.01010625,"(112, 332, 115, 298)",/Users/zixianchai/Desktop/compositionality/shapedraw/analysis/tracing/tracing_CDM_photodraw_e1/this circle/age5_CDM_photodraw_e11532122541242_this circle.png
15,CDM_photodraw_e11532460938594,0,this square,age6,1532461361466.0,2018-07-24T19:42:41.466Z,2,6.051,6.051,NaN,0.0157,"(101, 295, 109, 316)",/Users/zixianchai/Desktop/compositionality/shapedraw/analysis/tracing/tracing_CDM_photodraw_e1/this square/age6_CDM_photodraw_e11532460938594_this square.png
16,CDM_photodraw_e11532460938594,1,this shape,age6,1532461382105.0,2018-07-24T19:43:02.105Z,1,0.0,0.0,NaN,0.01755625,"(11, 372, 72, 287)",/Users/zixianchai/Desktop/compositionality/shapedraw/analysis/tracing/tracing_CDM_photodraw_e1/this shape/age6_CDM_photodraw_e11532460938594_this shape.png
17,CDM_photodraw_e11532460938594,2,this circle,age6,1532461394148.0,2018-07-24T19:43:14.148Z,1,0.0,0.0,NaN,0.01298125,"(72, 319, 96, 362)",/Users/zixianchai/Desktop/compositionality/shapedraw/analysis/tracing/tracing_CDM_photodraw_e1/this circle/age6_CDM_photodraw_e11532460938594_this circle.png
18,CDM_photodraw_e11532462743178,0,this square,age6,1532463227072.0,2018-07-24T20:13:47.072Z,1,0.0,0.0,NaN,0.010675,"(96, 303, 120, 303)",/Users/zixianchai/Desktop/compositionality/shapedraw/analysis/tracing/tracing_CDM_photodraw_e1/this square/age6_CDM_photodraw_e11532462743178_this square.png
19,CDM_photodraw_e11532462743178,1,this shape,age6,1532463244997.0,2018-07-24T20:14:04.997Z,1,0.0,0.0,NaN,0.01965,"(0, 367, 72, 271)",/Users/zixianchai/Desktop/compositionality/shapedraw/analysis/tracing/tracing_CDM_photodraw_e1/this shape/age6_CDM_photodraw_e11532462743178_this shape.png
20,CDM_photodraw_e11532462743178,2,this circle,age6,1532463256197.0,2018-07-24T20:14:16.197Z,1,0.0,0.0,NaN,0.01175625,"(67, 324, 96, 324)",/Users/zixianchai/Desktop/compositionality/shapedraw/analysis/tracing/tracing_CDM_photodraw_e1/this circle/age6_CDM_photodraw_e11532462743178_this circle.png
21,CDM_photodraw_e11532463640792,0,this square,age6,1532463691880.0,2018-07-24T20:21:31.880Z,1,0.0,0.0,NaN,0.01000625,"(101, 295, 123, 306)",/Users/zixianchai/Desktop/compositionality/shapedraw/analysis/tracing/tracing_CDM_photodraw_e1/this square/age6_CDM_photodraw_e11532463640792_this square.png
22,CDM_photodraw_e11532463640792,1,this shape,age6,1532463711184.0,2018-07-24T20:21:51.184Z,1,0.0,0.0,NaN,0.01935,"(13, 370, 85, 282)",/Users/zixianchai/Desktop/compositionality/shapedraw/analysis/tracing/tracing_CDM_photodraw_e1/this shape/age6_CDM_photodraw_e11532463640792_this shape.png
23,CDM_photodraw_e11532463640792,2,this circle,age6,1532463724869.0,2018-07-24T20:22:04.869Z,1,0.0,0.0,NaN,0.01341875,"(83, 346, 96, 364)",/Users/zixianchai/Desktop/compositionality/shapedraw/analysis/tracing/tracing_CDM_photodraw_e1/this circle/age6_CDM_photodraw_e11532463640792_this circle.png
24,CDM_photodraw_e11532466284265,0,this square,age5,1532466507268.0,2018-07-24T21:08:27.268Z,2,9.602,9.602,NaN,0.01190625,"(107, 292, 109, 303)",/Users/zixianchai/Desktop/compositionality/shapedraw/analysis/tracing/tracing_CDM_photodraw_e1/this square/age5_CDM_photodraw_e11532466284265_this square.png
25,CDM_photodraw_e11532466284265,1,this shape,age5,1532466525887.0,2018-07-24T21:08:45.887Z,1,0.0,0.0,NaN,0.0190125,"(0, 375, 72, 287)",/Users/zixianchai/Desktop/compositionality/shapedraw/analysis/tracing/tracing_CDM_photodraw_e1/this shape/age5_CDM_photodraw_e11532466284265_this shape.png
26,CDM_photodraw_e11532466284265,2,this circle,age5,1532466537542.0,2018-07-24T21:08:57.542Z,1,0.0,0.0,NaN,0.00945,"(88, 298, 107, 303)",/Users/zixianchai/Desktop/compositionality/shapedraw/analysis/tracing/tracing_CDM_photodraw_e1/this circle/age5_CDM_photodraw_e11532466284265_this circle.png
27,CDM_photodraw_e11532467421953,0,this square,age4,1532467631426.0,2018-07-24T21:27:11.426Z,42,25.239,25.239,NaN,0.0162,"(104, 378, 96, 300)",/Users/zixianchai/Desktop/compositionality/shapedraw/analysis/tracing/tracing_CDM_photodraw_e1/this square/age4_CDM_photodraw_e11532467421953_this square.png
28,CDM_photodraw_e11532467421953,2,this circle,age4,1532467705167.0,2018-07-24T21:28:25.167Z,4,2.168,2.168,NaN,0.02431875,"(0, 236, 53, 356)",/Users/zixianchai/Desktop/compositionality/shapedraw/analysis/tracing/tracing_CDM_photodraw_e1/this circle/age4_CDM_photodraw_e11532467421953_this circle.png
29,CDM_photodraw_e11532468221484,0,this square,age7,1532468614461.0,2018-07-24T21:43:34.461Z,2,8.373,8.373,NaN,0.0120125,"(93, 295, 104, 306)",/Users/zixianchai/Desktop/compositionality/shapedraw/analysis/tracing/tracing_CDM_photodraw_e1/this square/age7_CDM_photodraw_e11532468221484_this square.png
30,CDM_photodraw_e11532468221484,1,this shape,age7,1532468631009.0,2018-07-24T21:43:51.009Z,1,0.0,0.0,NaN,0.01998125,"(13, 370, 64, 282)",/Users/zixianchai/Desktop/compositionality/shapedraw/analysis/tracing/tracing_CDM_photodraw_e1/this shape/age7_CDM_photodraw_e11532468221484_this shape.png
31,CDM_photodraw_e11532468221484,2,this circle,age7,1532468642336.0,2018-07-24T21:44:02.336Z,1,0.0,0.0,NaN,0.01254375,"(93, 335, 109, 356)",/Users/zixianchai/Desktop/compositionality/shapedraw/analysis/tracing/tracing_CDM_photodraw_e1/this circle/age7_CDM_photodraw_e11532468221484_this circle.png
32,CDM_photodraw_e11532471274122,0,this square,age4,1532471800149.0,2018-07-24T22:36:40.149Z,1,0.0,0.0,NaN,0.012275,"(104, 306, 120, 306)",/Users/zixianchai/Desktop/compositionality/shapedraw/analysis/tracing/tracing_CDM_photodraw_e1/this square/age4_CDM_photodraw_e11532471274122_this square.png
33,CDM_photodraw_e11532471274122,1,this shape,age4,1532471825077.0,2018-07-24T22:37:05.077Z,1,0.0,0.0,NaN,0.0206875,"(0, 396, 83, 279)",/Users/zixianchai/Desktop/compositionality/shapedraw/analysis/tracing/tracing_CDM_photodraw_e1/this shape/age4_CDM_photodraw_e11532471274122_this shape.png
34,CDM_photodraw_e11532471274122,2,this circle,age4,1532471843223.0,2018-07-24T22:37:23.223Z,1,0.0,0.0,NaN,0.012825,"(152, 380, 64, 332)",/Users/zixianchai/Desktop/compositionality/shapedraw/analysis/tracing/tracing_CDM_photodraw_e1/this circle/age4_CDM_photodraw_e11532471274122_this circle.png
35,CDM_photodraw_e11532472926384,0,this square,age4,1532473091755.0,2018-07-24T22:58:11.755Z,1,0.0,0.0,NaN,0.01101875,"(101, 287, 112, 292)",/Users/zixianchai/Desktop/compositionality/shapedraw/analysis/tracing/tracing_CDM_photodraw_e1/this square/age4_CDM_photodraw_e11532472926384_this square.png
36,CDM_photodraw_e11532472926384,1,this shape,age4,1532473112781.0,2018-07-24T22:58:32.781Z,2,1.339,1.339,NaN,0.0172875,"(19, 372, 77, 282)",/Users/zixianchai/Desktop/compositionality/shapedraw/analysis/tracing/tracing_CDM_photodraw_e1/this shape/age4_CDM_photodraw_e11532472926384_this shape.png
37,CDM_photodraw_e11532472926384,2,this circle,age4,1532473125787.0,2018-07-24T22:58:45.787Z,1,0.0,0.0,NaN,0.01421875,"(32, 282, 53, 327)",/Users/zixianchai/Desktop/compositionality/shapedraw/analysis/tracing/tracing_CDM_photodraw_e1/this circle/age4_CDM_photodraw_e11532472926384_this circle.png
38,CDM_photodraw_e11532541142092,0,this square,age5,1532541421635.0,2018-07-25T17:57:01.634Z,3,11.087,11.087,NaN,0.01489375,"(112, 292, 101, 295)",/Users/zixianchai/Desktop/compositionality/shapedraw/analysis/tracing/tracing_CDM_photodraw_e1/this square/age5_CDM_photodraw_e11532541142092_this square.png
39,CDM_photodraw_e11532541142092,1,this shape,age5,1532541442511.0,2018-07-25T17:57:22.511Z,1,0.0,0.0,NaN,0.0178375,"(21, 370, 69, 279)",/Users/zixianchai/Desktop/compositionality/shapedraw/analysis/tracing/tracing_CDM_photodraw_e1/this shape/age5_CDM_photodraw_e11532541142092_this shape.png
40,CDM_photodraw_e11532541142092,2,this circle,age5,1532541456667.0,2018-07-25T17:57:36.667Z,1,0.0,0.0,NaN,0.0105875,"(139, 359, 75, 319)",/Users/zixianchai/Desktop/compositionality/shapedraw/analysis/tracing/tracing_CDM_photodraw_e1/this circle/age5_CDM_photodraw_e11532541142092_this circle.png
41,CDM_photodraw_e11532542255729,0,this square,age6,1532543141996.0,2018-07-25T18:25:41.996Z,2,12.301,12.301,NaN,0.012,"(93, 292, 109, 300)",/Users/zixianchai/Desktop/compositionality/shapedraw/analysis/tracing/tracing_CDM_photodraw_e1/this square/age6_CDM_photodraw_e11532542255729_this square.png
42,CDM_photodraw_e11532542255729,1,this shape,age6,1532543167157.0,2018-07-25T18:26:07.157Z,1,0.0,0.0,NaN,0.01951875,"(11, 383, 72, 276)",/Users/zixianchai/Desktop/compositionality/shapedraw/analysis/tracing/tracing_CDM_photodraw_e1/this shape/age6_CDM_photodraw_e11532542255729_this shape.png
43,CDM_photodraw_e11532542255729,2,this circle,age6,1532543185781.0,2018-07-25T18:26:25.781Z,1,0.0,0.0,NaN,0.0127625,"(75, 322, 80, 330)",/Users/zixianchai/Desktop/compositionality/shapedraw/analysis/tracing/tracing_CDM_photodraw_e1/this circle/age6_CDM_photodraw_e11532542255729_this circle.png
44,CDM_photodraw_e11532543756370,0,this square,age6,1532543814087.0,2018-07-25T18:36:54.087Z,2,8.026,8.026,NaN,0.011825,"(96, 290, 115, 300)",/Users/zixianchai/Desktop/compositionality/shapedraw/analysis/tracing/tracing_CDM_photodraw_e1/this square/age6_CDM_photodraw_e11532543756370_this square.png
45,CDM_photodraw_e11532543756370,1,this shape,age6,1532543834917.0,2018-07-25T18:37:14.917Z,2,11.784,11.784,NaN,0.01794375,"(11, 367, 59, 279)",/Users/zixianchai/Desktop/compositionality/shapedraw/analysis/tracing/tracing_CDM_photodraw_e1/this shape/age6_CDM_photodraw_e11532543756370_this shape.png
46,CDM_photodraw_e11532543756370,2,this circle,age6,1532543847671.0,2018-07-25T18:37:27.671Z,1,0.0,0.0,NaN,0.01099375,"(104, 332, 56, 311)",/Users/zixianchai/Desktop/compositionality/shapedraw/analysis/tracing/tracing_CDM_photodraw_e1/this circle/age6_CDM_photodraw_e11532543756370_this circle.png
47,CDM_photodraw_e11532544321666,0,this square,age4,1532545489851.0,2018-07-25T19:04:49.851Z,1,0.0,0.0,NaN,0.01118125,"(85, 308, 112, 306)",/Users/zixianchai/Desktop/compositionality/shapedraw/analysis/tracing/tracing_CDM_photodraw_e1/this square/age4_CDM_photodraw_e11532544321666_this square.png
48,CDM_photodraw_e11532544321666,1,this shape,age4,1532545515228.0,2018-07-25T19:05:15.228Z,1,0.0,0.0,NaN,0.0186625,"(16, 372, 75, 268)",/Users/zixianchai/Desktop/compositionality/shapedraw/analysis/tracing/tracing_CDM_photodraw_e1/this shape/age4_CDM_photodraw_e11532544321666_this shape.png
49,CDM_photodraw_e11532544321666,2,this circle,age4,1532545534789.0,2018-07-25T19:05:34.789Z,1,0.0,0.0,NaN,0.01165,"(77, 343, 69, 276)",/Users/zixianchai/Desktop/compositionality/shapedraw/analysis/tracing/tracing_CDM_photodraw_e1/this circle/age4_CDM_photodraw_e11532544321666_this circle.png
50,CDM_photodraw_e11532545713435,0,this square,age6,1532545966660.0,2018-07-25T19:12:46.660Z,1,0.0,0.0,NaN,0.0122875,"(104, 303, 115, 303)",/Users/zixianchai/Desktop/compositionality/shapedraw/analysis/tracing/tracing_CDM_photodraw_e1/this square/age6_CDM_photodraw_e11532545713435_this square.png
51,CDM_photodraw_e11532545713435,1,this shape,age6,1532545988227.0,2018-07-25T19:13:08.227Z,1,0.0,0.0,NaN,0.01831875,"(16, 370, 80, 282)",/Users/zixianchai/Desktop/compositionality/shapedraw/analysis/tracing/tracing_CDM_photodraw_e1/this shape/age6_CDM_photodraw_e11532545713435_this shape.png
52,CDM_photodraw_e11532545713435,2,this circle,age6,1532546001489.0,2018-07-25T19:13:21.489Z,1,0.0,0.0,NaN,0.0119625,"(107, 322, 85, 348)",/Users/zixianchai/Desktop/compositionality/shapedraw/analysis/tracing/tracing_CDM_photodraw_e1/this circle/age6_CDM_photodraw_e11532545713435_this circle.png
53,CDM_photodraw_e11532546711242,0,this square,age7,1532546830153.0,2018-07-25T19:27:10.153Z,2,7.451,7.451,NaN,0.01315,"(93, 290, 120, 303)",/Users/zixianchai/Desktop/compositionality/shapedraw/analysis/tracing/tracing_CDM_photodraw_e1/this square/age7_CDM_photodraw_e11532546711242_this square.png
54,CDM_photodraw_e11532546711242,1,this shape,age7,1532546850311.0,2018-07-25T19:27:30.311Z,1,0.0,0.0,NaN,0.0214375,"(16, 380, 77, 279)",/Users/zixianchai/Desktop/compositionality/shapedraw/analysis/tracing/tracing_CDM_photodraw_e1/this shape/age7_CDM_photodraw_e11532546711242_this shape.png
55,CDM_photodraw_e11532546711242,2,this circle,age7,1532546863382.0,2018-07-25T19:27:43.382Z,1,0.0,0.0,NaN,0.0103875,"(99, 316, 80, 298)",/Users/zixianchai/Desktop/compositionality/shapedraw/analysis/tracing/tracing_CDM_photodraw_e1/this circle/age7_CDM_photodraw_e11532546711242_this circle.png
56,CDM_photodraw_e11532547010484,0,this square,age6,1532547302190.0,2018-07-25T19:35:02.190Z,1,0.0,0.0,NaN,0.0095625,"(109, 290, 109, 300)",/Users/zixianchai/Desktop/compositionality/shapedraw/analysis/tracing/tracing_CDM_photodraw_e1/this square/age6_CDM_photodraw_e11532547010484_this square.png
57,CDM_photodraw_e11532547010484,1,this shape,age6,1532547319322.0,2018-07-25T19:35:19.322Z,1,0.0,0.0,NaN,0.0193125,"(5, 367, 80, 276)",/Users/zixianchai/Desktop/compositionality/shapedraw/analysis/tracing/tracing_CDM_photodraw_e1/this shape/age6_CDM_photodraw_e11532547010484_this shape.png
58,CDM_photodraw_e11532547010484,2,this circle,age6,1532547331086.0,2018-07-25T19:35:31.086Z,1,0.0,0.0,NaN,0.0161375,"(64, 391, 75, 372)",/Users/zixianchai/Desktop/compositionality/shapedraw/analysis/tracing/tracing_CDM_photodraw_e1/this circle/age6_CDM_photodraw_e11532547010484_this circle.png
59,CDM_photodraw_e11532547528521,0,this square,age4,1532547598642.0,2018-07-25T19:39:58.642Z,6,8.45,8.45,NaN,0.01069375,"(123, 375, 123, 330)",/Users/zixianchai/Desktop/compositionality/shapedraw/analysis/tracing/tracing_CDM_photodraw_e1/this square/age4_CDM_photodraw_e11532547528521_this square.png
60,CDM_photodraw_e11532547528521,1,this shape,age4,1532547637748.0,2018-07-25T19:40:37.748Z,7,9.107,9.107,NaN,0.02173125,"(24, 391, 96, 292)",/Users/zixianchai/Desktop/compositionality/shapedraw/analysis/tracing/tracing_CDM_photodraw_e1/this shape/age4_CDM_photodraw_e11532547528521_this shape.png
61,CDM_photodraw_e11532547528521,2,this circle,age4,1532547657200.0,2018-07-25T19:40:57.200Z,1,0.0,0.0,NaN,0.0097375,"(123, 319, 91, 298)",/Users/zixianchai/Desktop/compositionality/shapedraw/analysis/tracing/tracing_CDM_photodraw_e1/this circle/age4_CDM_photodraw_e11532547528521_this circle.png
62,CDM_photodraw_e11532552096322,0,this square,age4,1532552241043.0,2018-07-25T20:57:21.043Z,3,11.969,11.969,NaN,0.02421875,"(107, 356, 75, 316)",/Users/zixianchai/Desktop/compositionality/shapedraw/analysis/tracing/tracing_CDM_photodraw_e1/this square/age4_CDM_photodraw_e11532552096322_this square.png
63,CDM_photodraw_e11532552096322,1,this shape,age4,1532552271003.0,2018-07-25T20:57:51.003Z,15,17.529,17.529,NaN,0.02391875,"(24, 399, 8, 284)",/Users/zixianchai/Desktop/compositionality/shapedraw/analysis/tracing/tracing_CDM_photodraw_e1/this shape/age4_CDM_photodraw_e11532552096322_this shape.png
64,CDM_photodraw_e11532552096322,2,this circle,age4,1532552282672.0,2018-07-25T20:58:02.672Z,1,0.0,0.0,NaN,0.0109625,"(88, 348, 200, 380)",/Users/zixianchai/Desktop/compositionality/shapedraw/analysis/tracing/tracing_CDM_photodraw_e1/this circle/age4_CDM_photodraw_e11532552096322_this circle.png
65,CDM_photodraw_e11532552431212,0,this square,age6,1532552691695.0,2018-07-25T21:04:51.695Z,1,0.0,0.0,NaN,0.01403125,"(67, 316, 83, 308)",/Users/zixianchai/Desktop/compositionality/shapedraw/analysis/tracing/tracing_CDM_photodraw_e1/this square/age6_CDM_photodraw_e11532552431212_this square.png
66,CDM_photodraw_e11532552431212,1,this shape,age6,1532552712549.0,2018-07-25T21:05:12.549Z,1,0.0,0.0,NaN,0.02240625,"(5, 394, 67, 290)",/Users/zixianchai/Desktop/compositionality/shapedraw/analysis/tracing/tracing_CDM_photodraw_e1/this shape/age6_CDM_photodraw_e11532552431212_this shape.png
67,CDM_photodraw_e11532552431212,2,this circle,age6,1532552723490.0,2018-07-25T21:05:23.490Z,1,0.0,0.0,NaN,0.01439375,"(69, 340, 59, 370)",/Users/zixianchai/Desktop/compositionality/shapedraw/analysis/tracing/tracing_CDM_photodraw_e1/this circle/age6_CDM_photodraw_e11532552431212_this circle.png
68,CDM_photodraw_e11532553232054,0,this square,age6,1532554012632.0,2018-07-25T21:26:52.632Z,1,0.0,0.0,NaN,0.0130875,"(107, 298, 101, 335)",/Users/zixianchai/Desktop/compositionality/shapedraw/analysis/tracing/tracing_CDM_photodraw_e1/this square/age6_CDM_photodraw_e11532553232054_this square.png
69,CDM_photodraw_e11532553232054,1,this shape,age6,1532554032953.0,2018-07-25T21:27:12.953Z,1,0.0,0.0,NaN,0.020225,"(0, 391, 64, 274)",/Users/zixianchai/Desktop/compositionality/shapedraw/analysis/tracing/tracing_CDM_photodraw_e1/this shape/age6_CDM_photodraw_e11532553232054_this shape.png
70,CDM_photodraw_e11532553232054,2,this circle,age6,1532554045011.0,2018-07-25T21:27:25.011Z,1,0.0,0.0,NaN,0.01354375,"(56, 343, 85, 359)",/Users/zixianchai/Desktop/compositionality/shapedraw/analysis/tracing/tracing_CDM_photodraw_e1/this circle/age6_CDM_photodraw_e11532553232054_this circle.png
71,CDM_photodraw_e11532554214992,0,this square,age6,1532554425397.0,2018-07-25T21:33:45.397Z,2,16.503,16.503,NaN,0.026175,"(96, 306, 96, 306)",/Users/zixianchai/Desktop/compositionality/shapedraw/analysis/tracing/tracing_CDM_photodraw_e1/this square/age6_CDM_photodraw_e11532554214992_this square.png
72,CDM_photodraw_e11532554214992,1,this shape,age6,1532554444534.0,2018-07-25T21:34:04.534Z,1,0.0,0.0,NaN,0.0202125,"(3, 386, 67, 276)",/Users/zixianchai/Desktop/compositionality/shapedraw/analysis/tracing/tracing_CDM_photodraw_e1/this shape/age6_CDM_photodraw_e11532554214992_this shape.png
73,CDM_photodraw_e11532554214992,2,this circle,age6,1532554456328.0,2018-07-25T21:34:16.328Z,1,0.0,0.0,NaN,0.01155625,"(99, 327, 131, 343)",/Users/zixianchai/Desktop/compositionality/shapedraw/analysis/tracing/tracing_CDM_photodraw_e1/this circle/age6_CDM_photodraw_e11532554214992_this circle.png
74,CDM_photodraw_e11532554599143,2,this circle,age4,1532554989651.0,2018-07-25T21:43:09.651Z,1,0.0,0.0,NaN,0.0116,"(104, 359, 115, 338)",/Users/zixianchai/Desktop/compositionality/shapedraw/analysis/tracing/tracing_CDM_photodraw_e1/this circle/age4_CDM_photodraw_e11532554599143_this circle.png
75,CDM_photodraw_e11532555203616,0,this square,age4,1532555465676.0,2018-07-25T21:51:05.676Z,4,1.045,1.045,NaN,0.00929375,"(104, 274, 131, 303)",/Users/zixianchai/Desktop/compositionality/shapedraw/analysis/tracing/tracing_CDM_photodraw_e1/this square/age4_CDM_photodraw_e11532555203616_this square.png
76,CDM_photodraw_e11532555203616,1,this shape,age4,1532555495054.0,2018-07-25T21:51:35.054Z,10,13.469,13.469,NaN,0.01820625,"(32, 364, 83, 271)",/Users/zixianchai/Desktop/compositionality/shapedraw/analysis/tracing/tracing_CDM_photodraw_e1/this shape/age4_CDM_photodraw_e11532555203616_this shape.png
77,CDM_photodraw_e11532555203616,2,this circle,age4,1532555513861.0,2018-07-25T21:51:53.861Z,1,0.0,0.0,NaN,0.01005,"(77, 322, 115, 290)",/Users/zixianchai/Desktop/compositionality/shapedraw/analysis/tracing/tracing_CDM_photodraw_e1/this circle/age4_CDM_photodraw_e11532555203616_this circle.png
78,CDM_photodraw_e11532555995167,0,this square,age5,1532556032925.0,2018-07-25T22:00:32.925Z,11,11.835,11.835,NaN,0.01259375,"(107, 346, 115, 295)",/Users/zixianchai/Desktop/compositionality/shapedraw/analysis/tracing/tracing_CDM_photodraw_e1/this square/age5_CDM_photodraw_e11532555995167_this square.png
79,CDM_photodraw_e11532555995167,1,this shape,age5,1532556060705.0,2018-07-25T22:01:00.705Z,1,0.0,0.0,NaN,0.0174625,"(16, 372, 75, 290)",/Users/zixianchai/Desktop/compositionality/shapedraw/analysis/tracing/tracing_CDM_photodraw_e1/this shape/age5_CDM_photodraw_e11532555995167_this shape.png
80,CDM_photodraw_e11532555995167,2,this circle,age5,1532556075038.0,2018-07-25T22:01:15.038Z,1,0.0,0.0,NaN,0.00956875,"(152, 322, 85, 284)",/Users/zixianchai/Desktop/compositionality/shapedraw/analysis/tracing/tracing_CDM_photodraw_e1/this circle/age5_CDM_photodraw_e11532555995167_this circle.png
81,CDM_photodraw_e11532556623648,0,this square,age5,1532556908622.0,2018-07-25T22:15:08.622Z,17,18.951,18.951,NaN,0.02036875,"(104, 295, 115, 338)",/Users/zixianchai/Desktop/compositionality/shapedraw/analysis/tracing/tracing_CDM_photodraw_e1/this square/age5_CDM_photodraw_e11532556623648_this square.png
82,CDM_photodraw_e11532556623648,1,this shape,age5,1532556944001.0,2018-07-25T22:15:44.001Z,24,22.804,22.804,NaN,0.05441875,"(11, 354, 72, 399)",/Users/zixianchai/Desktop/compositionality/shapedraw/analysis/tracing/tracing_CDM_photodraw_e1/this shape/age5_CDM_photodraw_e11532556623648_this shape.png
83,CDM_photodraw_e11532556623648,2,this circle,age5,1532556964651.0,2018-07-25T22:16:04.651Z,3,2.257,2.257,NaN,0.0131125,"(21, 300, 91, 343)",/Users/zixianchai/Desktop/compositionality/shapedraw/analysis/tracing/tracing_CDM_photodraw_e1/this circle/age5_CDM_photodraw_e11532556623648_this circle.png
84,CDM_photodraw_e11532557358704,0,this square,age7,1532557434611.0,2018-07-25T22:23:54.611Z,1,0.0,0.0,NaN,0.01236875,"(109, 306, 117, 295)",/Users/zixianchai/Desktop/compositionality/shapedraw/analysis/tracing/tracing_CDM_photodraw_e1/this square/age7_CDM_photodraw_e11532557358704_this square.png
85,CDM_photodraw_e11532557358704,1,this shape,age7,1532557448716.0,2018-07-25T22:24:08.716Z,1,0.0,0.0,NaN,0.01725,"(8, 375, 83, 279)",/Users/zixianchai/Desktop/compositionality/shapedraw/analysis/tracing/tracing_CDM_photodraw_e1/this shape/age7_CDM_photodraw_e11532557358704_this shape.png
86,CDM_photodraw_e11532557358704,2,this circle,age7,1532557458501.0,2018-07-25T22:24:18.501Z,1,0.0,0.0,NaN,0.0107375,"(77, 303, 91, 311)",/Users/zixianchai/Desktop/compositionality/shapedraw/analysis/tracing/tracing_CDM_photodraw_e1/this circle/age7_CDM_photodraw_e11532557358704_this circle.png
87,CDM_photodraw_e11532557578120,0,this square,age7,1532557799426.0,2018-07-25T22:29:59.426Z,3,4.787,4.787,NaN,0.0112625,"(93, 300, 123, 295)",/Users/zixianchai/Desktop/compositionality/shapedraw/analysis/tracing/tracing_CDM_photodraw_e1/this square/age7_CDM_photodraw_e11532557578120_this square.png
88,CDM_photodraw_e11532557578120,1,this shape,age7,1532557815953.0,2018-07-25T22:30:15.953Z,1,0.0,0.0,NaN,0.0184875,"(0, 370, 69, 282)",/Users/zixianchai/Desktop/compositionality/shapedraw/analysis/tracing/tracing_CDM_photodraw_e1/this shape/age7_CDM_photodraw_e11532557578120_this shape.png
89,CDM_photodraw_e11532557578120,2,this circle,age7,1532557827075.0,2018-07-25T22:30:27.075Z,1,0.0,0.0,NaN,0.01029375,"(85, 306, 104, 306)",/Users/zixianchai/Desktop/compositionality/shapedraw/analysis/tracing/tracing_CDM_photodraw_e1/this circle/age7_CDM_photodraw_e11532557578120_this circle.png
90,CDM_photodraw_e11532558017061,0,this square,age6,1532558555598.0,2018-07-25T22:42:35.598Z,1,0.0,0.0,NaN,0.0121375,"(104, 290, 115, 306)",/Users/zixianchai/Desktop/compositionality/shapedraw/analysis/tracing/tracing_CDM_photodraw_e1/this square/age6_CDM_photodraw_e11532558017061_this square.png
91,CDM_photodraw_e11532558017061,1,this shape,age6,1532558575652.0,2018-07-25T22:42:55.652Z,1,0.0,0.0,NaN,0.0215375,"(0, 399, 80, 279)",/Users/zixianchai/Desktop/compositionality/shapedraw/analysis/tracing/tracing_CDM_photodraw_e1/this shape/age6_CDM_photodraw_e11532558017061_this shape.png
92,CDM_photodraw_e11532558017061,2,this circle,age6,1532558588347.0,2018-07-25T22:43:08.347Z,1,0.0,0.0,NaN,0.00976875,"(104, 276, 109, 319)",/Users/zixianchai/Desktop/compositionality/shapedraw/analysis/tracing/tracing_CDM_photodraw_e1/this circle/age6_CDM_photodraw_e11532558017061_this circle.png
93,CDM_photodraw_e11532559138714,0,this square,age5,1532559221270.0,2018-07-25T22:53:41.270Z,2,5.482,5.482,NaN,0.01023125,"(101, 314, 117, 303)",/Users/zixianchai/Desktop/compositionality/shapedraw/analysis/tracing/tracing_CDM_photodraw_e1/this square/age5_CDM_photodraw_e11532559138714_this square.png
94,CDM_photodraw_e11532559138714,1,this shape,age5,1532559242481.0,2018-07-25T22:54:02.481Z,1,0.0,0.0,NaN,0.01725625,"(27, 367, 107, 263)",/Users/zixianchai/Desktop/compositionality/shapedraw/analysis/tracing/tracing_CDM_photodraw_e1/this shape/age5_CDM_photodraw_e11532559138714_this shape.png
95,CDM_photodraw_e11532559138714,2,this circle,age5,1532559259528.0,2018-07-25T22:54:19.528Z,1,0.0,0.0,NaN,0.0107125,"(109, 343, 85, 322)",/Users/zixianchai/Desktop/compositionality/shapedraw/analysis/tracing/tracing_CDM_photodraw_e1/this circle/age5_CDM_photodraw_e11532559138714_this circle.png
96,CDM_photodraw_e11533072218503,0,this square,age5,1533072907244.0,2018-07-31T21:35:07.244Z,4,5.341,5.341,NaN,0.01029375,"(128, 282, 107, 276)",/Users/zixianchai/Desktop/compositionality/shapedraw/analysis/tracing/tracing_CDM_photodraw_e1/this square/age5_CDM_photodraw_e11533072218503_this square.png
97,CDM_photodraw_e11533072218503,1,this shape,age5,1533072934628.0,2018-07-31T21:35:34.628Z,1,0.0,0.0,NaN,0.01465,"(37, 348, 101, 255)",/Users/zixianchai/Desktop/compositionality/shapedraw/analysis/tracing/tracing_CDM_photodraw_e1/this shape/age5_CDM_photodraw_e11533072218503_this shape.png
98,CDM_photodraw_e11533072218503,2,this circle,age5,1533072951712.0,2018-07-31T21:35:51.712Z,1,0.0,0.0,NaN,0.0102375,"(64, 314, 85, 247)",/Users/zixianchai/Desktop/compositionality/shapedraw/analysis/tracing/tracing_CDM_photodraw_e1/this circle/age5_CDM_photodraw_e11533072218503_this circle.png
99,CDM_photodraw_e11533073144281,0,this square,age5,1533073251662.0,2018-07-31T21:40:51.662Z,1,0.0,0.0,NaN,0.011475,"(107, 287, 120, 300)",/Users/zixianchai/Desktop/compositionality/shapedraw/analysis/tracing/tracing_CDM_photodraw_e1/this square/age5_CDM_photodraw_e11533073144281_this square.png
100,CDM_photodraw_e11533073144281,1,this shape,age5,1533073277601.0,2018-07-31T21:41:17.601Z,1,0.0,0.0,NaN,0.01849375,"(11, 375, 80, 276)",/Users/zixianchai/Desktop/compositionality/shapedraw/analysis/tracing/tracing_CDM_photodraw_e1/this shape/age5_CDM_photodraw_e11533073144281_this shape.png
101,CDM_photodraw_e11533073144281,2,this circle,age5,1533073290961.0,2018-07-31T21:41:30.961Z,1,0.0,0.0,NaN,0.01185625,"(91, 354, 69, 324)",/Users/zixianchai/Desktop/compositionality/shapedraw/analysis/tracing/tracing_CDM_photodraw_e1/this circle/age5_CDM_photodraw_e11533073144281_this circle.png
102,CDM_photodraw_e11533077186611,0,this square,age5,1533077224711.0,2018-07-31T22:47:04.711Z,1,0.0,0.0,NaN,0.0087,"(131, 287, 139, 290)",/Users/zixianchai/Desktop/compositionality/shapedraw/analysis/tracing/tracing_CDM_photodraw_e1/this square/age5_CDM_photodraw_e11533077186611_this square.png
103,CDM_photodraw_e11533077186611,1,this shape,age5,1533077253559.0,2018-07-31T22:47:33.559Z,3,14.512,14.512,NaN,0.01914375,"(24, 359, 91, 274)",/Users/zixianchai/Desktop/compositionality/shapedraw/analysis/tracing/tracing_CDM_photodraw_e1/this shape/age5_CDM_photodraw_e11533077186611_this shape.png
104,CDM_photodraw_e11533077186611,2,this circle,age5,1533077277453.0,2018-07-31T22:47:57.453Z,1,0.0,0.0,NaN,0.01045625,"(120, 311, 107, 338)",/Users/zixianchai/Desktop/compositionality/shapedraw/analysis/tracing/tracing_CDM_photodraw_e1/this circle/age5_CDM_photodraw_e11533077186611_this circle.png
105,CDM_photodraw_e11533077471951,0,this square,age5,1533079309486.0,2018-07-31T23:21:49.486Z,6,11.739,11.739,NaN,0.03455625,"(85, 298, 107, 319)",/Users/zixianchai/Desktop/compositionality/shapedraw/analysis/tracing/tracing_CDM_photodraw_e1/this square/age5_CDM_photodraw_e11533077471951_this square.png
106,CDM_photodraw_e11533077471951,1,this shape,age5,1533079328514.0,2018-07-31T23:22:08.514Z,1,0.0,0.0,NaN,0.01916875,"(21, 367, 88, 287)",/Users/zixianchai/Desktop/compositionality/shapedraw/analysis/tracing/tracing_CDM_photodraw_e1/this shape/age5_CDM_photodraw_e11533077471951_this shape.png
107,CDM_photodraw_e11533077471951,2,this circle,age5,1533079343408.0,2018-07-31T23:22:23.408Z,5,5.141,5.141,NaN,0.01334375,"(112, 311, 99, 338)",/Users/zixianchai/Desktop/compositionality/shapedraw/analysis/tracing/tracing_CDM_photodraw_e1/this circle/age5_CDM_photodraw_e11533077471951_this circle.png
108,CDM_photodraw_e11533079562976,0,this square,age5,1533079681211.0,2018-07-31T23:28:01.211Z,5,8.26,8.26,NaN,0.013075,"(64, 356, 64, 268)",/Users/zixianchai/Desktop/compositionality/shapedraw/analysis/tracing/tracing_CDM_photodraw_e1/this square/age5_CDM_photodraw_e11533079562976_this square.png
109,CDM_photodraw_e11533079562976,1,this shape,age5,1533079707575.0,2018-07-31T23:28:27.575Z,1,0.0,0.0,NaN,0.0219,"(0, 394, 35, 282)",/Users/zixianchai/Desktop/compositionality/shapedraw/analysis/tracing/tracing_CDM_photodraw_e1/this shape/age5_CDM_photodraw_e11533079562976_this shape.png
110,CDM_photodraw_e11533079562976,2,this circle,age5,1533079720899.0,2018-07-31T23:28:40.898Z,1,0.0,0.0,NaN,0.0135625,"(48, 319, 104, 351)",/Users/zixianchai/Desktop/compositionality/shapedraw/analysis/tracing/tracing_CDM_photodraw_e1/this circle/age5_CDM_photodraw_e11533079562976_this circle.png
111,CDM_photodraw_e11533079944053,0,this square,age6,1533080098952.0,2018-07-31T23:34:58.952Z,13,14.297,14.297,NaN,0.0315625,"(109, 287, 109, 298)",/Users/zixianchai/Desktop/compositionality/shapedraw/analysis/tracing/tracing_CDM_photodraw_e1/this square/age6_CDM_photodraw_e11533079944053_this square.png
112,CDM_photodraw_e11533079944053,1,this shape,age6,1533080137588.0,2018-07-31T23:35:37.588Z,2,0.001,0.001,NaN,0.01824375,"(35, 375, 67, 268)",/Users/zixianchai/Desktop/compositionality/shapedraw/analysis/tracing/tracing_CDM_photodraw_e1/this shape/age6_CDM_photodraw_e11533079944053_this shape.png
113,CDM_photodraw_e11533079944053,2,this circle,age6,1533080173940.0,2018-07-31T23:36:13.940Z,4,17.437,17.437,NaN,0.02805,"(32, 367, 11, 394)",/Users/zixianchai/Desktop/compositionality/shapedraw/analysis/tracing/tracing_CDM_photodraw_e1/this circle/age6_CDM_photodraw_e11533079944053_this circle.png
114,CDM_photodraw_e11533080485289,0,this square,age4,1533080544145.0,2018-07-31T23:42:24.145Z,1,0.0,0.0,NaN,0.0135625,"(43, 356, 85, 343)",/Users/zixianchai/Desktop/compositionality/shapedraw/analysis/tracing/tracing_CDM_photodraw_e1/this square/age4_CDM_photodraw_e11533080485289_this square.png
115,CDM_photodraw_e11533080485289,1,this shape,age4,1533080579461.0,2018-07-31T23:42:59.461Z,7,12.795,12.795,NaN,0.023825,"(0, 383, 48, 343)",/Users/zixianchai/Desktop/compositionality/shapedraw/analysis/tracing/tracing_CDM_photodraw_e1/this shape/age4_CDM_photodraw_e11533080485289_this shape.png
116,CDM_photodraw_e11533080485289,2,this circle,age4,1533080595518.0,2018-07-31T23:43:15.518Z,1,0.0,0.0,NaN,0.0108,"(67, 306, 157, 356)",/Users/zixianchai/Desktop/compositionality/shapedraw/analysis/tracing/tracing_CDM_photodraw_e1/this circle/age4_CDM_photodraw_e11533080485289_this circle.png
117,CDM_photodraw_e11533145279933,0,this square,age5,1533145749177.0,2018-08-01T17:49:09.177Z,1,0.0,0.0,NaN,0.01174375,"(88, 290, 109, 295)",/Users/zixianchai/Desktop/compositionality/shapedraw/analysis/tracing/tracing_CDM_photodraw_e1/this square/age5_CDM_photodraw_e11533145279933_this square.png
118,CDM_photodraw_e11533145279933,1,this shape,age5,1533145774832.0,2018-08-01T17:49:34.832Z,6,8.399,8.399,NaN,0.0183625,"(8, 378, 83, 282)",/Users/zixianchai/Desktop/compositionality/shapedraw/analysis/tracing/tracing_CDM_photodraw_e1/this shape/age5_CDM_photodraw_e11533145279933_this shape.png
119,CDM_photodraw_e11533145279933,2,this circle,age5,1533145786846.0,2018-08-01T17:49:46.846Z,1,0.0,0.0,NaN,0.0133125,"(61, 359, 85, 316)",/Users/zixianchai/Desktop/compositionality/shapedraw/analysis/tracing/tracing_CDM_photodraw_e1/this circle/age5_CDM_photodraw_e11533145279933_this circle.png
120,CDM_photodraw_e11533145985106,0,this square,age4,1533146158461.0,2018-08-01T17:55:58.461Z,2,7.361,7.361,NaN,0.01084375,"(85, 303, 120, 303)",/Users/zixianchai/Desktop/compositionality/shapedraw/analysis/tracing/tracing_CDM_photodraw_e1/this square/age4_CDM_photodraw_e11533145985106_this square.png
121,CDM_photodraw_e11533145985106,1,this shape,age4,1533146177118.0,2018-08-01T17:56:17.118Z,2,1.769,1.769,NaN,0.01355625,"(19, 356, 88, 255)",/Users/zixianchai/Desktop/compositionality/shapedraw/analysis/tracing/tracing_CDM_photodraw_e1/this shape/age4_CDM_photodraw_e11533145985106_this shape.png
122,CDM_photodraw_e11533145985106,2,this circle,age4,1533146208519.0,2018-08-01T17:56:48.519Z,10,16.005,16.005,NaN,0.01853125,"(83, 399, 5, 399)",/Users/zixianchai/Desktop/compositionality/shapedraw/analysis/tracing/tracing_CDM_photodraw_e1/this circle/age4_CDM_photodraw_e11533145985106_this circle.png
123,CDM_photodraw_e11533146317748,0,this square,age7,1533146871645.0,2018-08-01T18:07:51.645Z,1,0.0,0.0,NaN,0.0106375,"(112, 284, 120, 295)",/Users/zixianchai/Desktop/compositionality/shapedraw/analysis/tracing/tracing_CDM_photodraw_e1/this square/age7_CDM_photodraw_e11533146317748_this square.png
124,CDM_photodraw_e11533146317748,1,this shape,age7,1533146887606.0,2018-08-01T18:08:07.606Z,1,0.0,0.0,NaN,0.01764375,"(21, 356, 80, 268)",/Users/zixianchai/Desktop/compositionality/shapedraw/analysis/tracing/tracing_CDM_photodraw_e1/this shape/age7_CDM_photodraw_e11533146317748_this shape.png
125,CDM_photodraw_e11533146317748,2,this circle,age7,1533146900754.0,2018-08-01T18:08:20.754Z,2,3.835,3.835,NaN,0.01079375,"(83, 311, 91, 322)",/Users/zixianchai/Desktop/compositionality/shapedraw/analysis/tracing/tracing_CDM_photodraw_e1/this circle/age7_CDM_photodraw_e11533146317748_this circle.png
126,CDM_photodraw_e11533147693749,0,this square,age5,1533147738795.0,2018-08-01T18:22:18.795Z,1,0.0,0.0,NaN,0.00894375,"(112, 274, 117, 282)",/Users/zixianchai/Desktop/compositionality/shapedraw/analysis/tracing/tracing_CDM_photodraw_e1/this square/age5_CDM_photodraw_e11533147693749_this square.png
127,CDM_photodraw_e11533147693749,1,this shape,age5,1533147764571.0,2018-08-01T18:22:44.571Z,1,0.0,0.0,NaN,0.0187875,"(5, 364, 77, 282)",/Users/zixianchai/Desktop/compositionality/shapedraw/analysis/tracing/tracing_CDM_photodraw_e1/this shape/age5_CDM_photodraw_e11533147693749_this shape.png
128,CDM_photodraw_e11533147693749,2,this circle,age5,1533147777791.0,2018-08-01T18:22:57.791Z,1,0.0,0.0,NaN,0.0114125,"(69, 330, 96, 324)",/Users/zixianchai/Desktop/compositionality/shapedraw/analysis/tracing/tracing_CDM_photodraw_e1/this circle/age5_CDM_photodraw_e11533147693749_this circle.png
129,CDM_photodraw_e11533147991237,0,this square,age6,1533148238437.0,2018-08-01T18:30:38.437Z,1,0.0,0.0,NaN,0.0109125,"(115, 306, 104, 303)",/Users/zixianchai/Desktop/compositionality/shapedraw/analysis/tracing/tracing_CDM_photodraw_e1/this square/age6_CDM_photodraw_e11533147991237_this square.png
130,CDM_photodraw_e11533147991237,1,this shape,age6,1533148253356.0,2018-08-01T18:30:53.356Z,1,0.0,0.0,NaN,0.0199125,"(0, 372, 59, 274)",/Users/zixianchai/Desktop/compositionality/shapedraw/analysis/tracing/tracing_CDM_photodraw_e1/this shape/age6_CDM_photodraw_e11533147991237_this shape.png
131,CDM_photodraw_e11533147991237,2,this circle,age6,1533148262690.0,2018-08-01T18:31:02.690Z,1,0.0,0.0,NaN,0.01104375,"(83, 311, 99, 338)",/Users/zixianchai/Desktop/compositionality/shapedraw/analysis/tracing/tracing_CDM_photodraw_e1/this circle/age6_CDM_photodraw_e11533147991237_this circle.png
132,CDM_photodraw_e11533148420272,0,this square,age7,1533148754640.0,2018-08-01T18:39:14.639Z,2,9.905,9.905,NaN,0.01065625,"(107, 292, 125, 303)",/Users/zixianchai/Desktop/compositionality/shapedraw/analysis/tracing/tracing_CDM_photodraw_e1/this square/age7_CDM_photodraw_e11533148420272_this square.png
133,CDM_photodraw_e11533148420272,1,this shape,age7,1533148781936.0,2018-08-01T18:39:41.936Z,2,14.393,14.393,NaN,0.018325,"(16, 362, 83, 271)",/Users/zixianchai/Desktop/compositionality/shapedraw/analysis/tracing/tracing_CDM_photodraw_e1/this shape/age7_CDM_photodraw_e11533148420272_this shape.png
134,CDM_photodraw_e11533148420272,2,this circle,age7,1533148793356.0,2018-08-01T18:39:53.356Z,2,2.904,2.904,NaN,0.0139375,"(59, 370, 77, 306)",/Users/zixianchai/Desktop/compositionality/shapedraw/analysis/tracing/tracing_CDM_photodraw_e1/this circle/age7_CDM_photodraw_e11533148420272_this circle.png
135,CDM_photodraw_e11533148939408,0,this square,age5,1533150430694.0,2018-08-01T19:07:10.694Z,1,0.0,0.0,NaN,0.01219375,"(96, 298, 107, 295)",/Users/zixianchai/Desktop/compositionality/shapedraw/analysis/tracing/tracing_CDM_photodraw_e1/this square/age5_CDM_photodraw_e11533148939408_this square.png
136,CDM_photodraw_e11533148939408,1,this shape,age5,1533150461726.0,2018-08-01T19:07:41.726Z,17,4.402,4.402,NaN,0.02086875,"(8, 399, 75, 378)",/Users/zixianchai/Desktop/compositionality/shapedraw/analysis/tracing/tracing_CDM_photodraw_e1/this shape/age5_CDM_photodraw_e11533148939408_this shape.png
137,CDM_photodraw_e11533148939408,2,this circle,age5,1533150475159.0,2018-08-01T19:07:55.159Z,1,0.0,0.0,NaN,0.00779375,"(157, 324, 139, 292)",/Users/zixianchai/Desktop/compositionality/shapedraw/analysis/tracing/tracing_CDM_photodraw_e1/this circle/age5_CDM_photodraw_e11533148939408_this circle.png
138,CDM_photodraw_e11533153765735,0,this square,age5,1533153991640.0,2018-08-01T20:06:31.640Z,1,0.0,0.0,NaN,0.0100625,"(91, 290, 104, 300)",/Users/zixianchai/Desktop/compositionality/shapedraw/analysis/tracing/tracing_CDM_photodraw_e1/this square/age5_CDM_photodraw_e11533153765735_this square.png
139,CDM_photodraw_e11533153765735,1,this shape,age5,1533154012615.0,2018-08-01T20:06:52.615Z,1,0.0,0.0,NaN,0.01661875,"(21, 370, 80, 282)",/Users/zixianchai/Desktop/compositionality/shapedraw/analysis/tracing/tracing_CDM_photodraw_e1/this shape/age5_CDM_photodraw_e11533153765735_this shape.png
140,CDM_photodraw_e11533153765735,2,this circle,age5,1533154026697.0,2018-08-01T20:07:06.697Z,1,0.0,0.0,NaN,0.01148125,"(85, 303, 136, 399)",/Users/zixianchai/Desktop/compositionality/shapedraw/analysis/tracing/tracing_CDM_photodraw_e1/this circle/age5_CDM_photodraw_e11533153765735_this circle.png
141,CDM_photodraw_e11533154273996,0,this square,age5,1533154546862.0,2018-08-01T20:15:46.862Z,1,0.0,0.0,NaN,0.0128,"(104, 295, 96, 295)",/Users/zixianchai/Desktop/compositionality/shapedraw/analysis/tracing/tracing_CDM_photodraw_e1/this square/age5_CDM_photodraw_e11533154273996_this square.png
142,CDM_photodraw_e11533154273996,1,this shape,age5,1533154569724.0,2018-08-01T20:16:09.724Z,1,0.0,0.0,NaN,0.01884375,"(3, 372, 69, 276)",/Users/zixianchai/Desktop/compositionality/shapedraw/analysis/tracing/tracing_CDM_photodraw_e1/this shape/age5_CDM_photodraw_e11533154273996_this shape.png
143,CDM_photodraw_e11533154273996,2,this circle,age5,1533154586990.0,2018-08-01T20:16:26.990Z,1,0.0,0.0,NaN,0.01164375,"(80, 322, 99, 327)",/Users/zixianchai/Desktop/compositionality/shapedraw/analysis/tracing/tracing_CDM_photodraw_e1/this circle/age5_CDM_photodraw_e11533154273996_this circle.png
144,CDM_photodraw_e11533156255593,0,this square,age6,1533156381654.0,2018-08-01T20:46:21.654Z,1,0.0,0.0,NaN,0.01015,"(104, 290, 120, 292)",/Users/zixianchai/Desktop/compositionality/shapedraw/analysis/tracing/tracing_CDM_photodraw_e1/this square/age6_CDM_photodraw_e11533156255593_this square.png
145,CDM_photodraw_e11533156255593,1,this shape,age6,1533156395860.0,2018-08-01T20:46:35.859Z,1,0.0,0.0,NaN,0.01623125,"(0, 362, 88, 276)",/Users/zixianchai/Desktop/compositionality/shapedraw/analysis/tracing/tracing_CDM_photodraw_e1/this shape/age6_CDM_photodraw_e11533156255593_this shape.png
146,CDM_photodraw_e11533156255593,2,this circle,age6,1533156406529.0,2018-08-01T20:46:46.529Z,2,1.467,1.467,NaN,0.0123375,"(56, 260, 104, 327)",/Users/zixianchai/Desktop/compositionality/shapedraw/analysis/tracing/tracing_CDM_photodraw_e1/this circle/age6_CDM_photodraw_e11533156255593_this circle.png
147,CDM_photodraw_e11533156546289,0,this square,age7,1533156895753.0,2018-08-01T20:54:55.753Z,2,5.179,5.179,NaN,0.01145,"(101, 292, 99, 300)",/Users/zixianchai/Desktop/compositionality/shapedraw/analysis/tracing/tracing_CDM_photodraw_e1/this square/age7_CDM_photodraw_e11533156546289_this square.png
148,CDM_photodraw_e11533156546289,1,this shape,age7,1533156916728.0,2018-08-01T20:55:16.728Z,1,0.0,0.0,NaN,0.0192625,"(5, 391, 75, 276)",/Users/zixianchai/Desktop/compositionality/shapedraw/analysis/tracing/tracing_CDM_photodraw_e1/this shape/age7_CDM_photodraw_e11533156546289_this shape.png
149,CDM_photodraw_e11533156546289,2,this circle,age7,1533156928663.0,2018-08-01T20:55:28.663Z,1,0.0,0.0,NaN,0.01138125,"(96, 330, 96, 311)",/Users/zixianchai/Desktop/compositionality/shapedraw/analysis/tracing/tracing_CDM_photodraw_e1/this circle/age7_CDM_photodraw_e11533156546289_this circle.png
150,CDM_photodraw_e11533157120454,0,this square,age5,1533157353053.0,2018-08-01T21:02:33.053Z,1,0.0,0.0,NaN,0.00979375,"(85, 287, 123, 303)",/Users/zixianchai/Desktop/compositionality/shapedraw/analysis/tracing/tracing_CDM_photodraw_e1/this square/age5_CDM_photodraw_e11533157120454_this square.png
151,CDM_photodraw_e11533157120454,1,this shape,age5,1533157382332.0,2018-08-01T21:03:02.332Z,1,0.0,0.0,NaN,0.0250375,"(0, 391, 48, 343)",/Users/zixianchai/Desktop/compositionality/shapedraw/analysis/tracing/tracing_CDM_photodraw_e1/this shape/age5_CDM_photodraw_e11533157120454_this shape.png
152,CDM_photodraw_e11533157120454,2,this circle,age5,1533157419276.0,2018-08-01T21:03:39.276Z,1,0.0,0.0,NaN,0.01006875,"(107, 324, 141, 322)",/Users/zixianchai/Desktop/compositionality/shapedraw/analysis/tracing/tracing_CDM_photodraw_e1/this circle/age5_CDM_photodraw_e11533157120454_this circle.png
153,CDM_photodraw_e11533157666476,0,this square,age5,1533157902481.0,2018-08-01T21:11:42.481Z,1,0.0,0.0,NaN,0.011525,"(104, 295, 115, 300)",/Users/zixianchai/Desktop/compositionality/shapedraw/analysis/tracing/tracing_CDM_photodraw_e1/this square/age5_CDM_photodraw_e11533157666476_this square.png
154,CDM_photodraw_e11533157666476,1,this shape,age5,1533157933266.0,2018-08-01T21:12:13.266Z,1,0.0,0.0,NaN,0.0214125,"(13, 383, 75, 276)",/Users/zixianchai/Desktop/compositionality/shapedraw/analysis/tracing/tracing_CDM_photodraw_e1/this shape/age5_CDM_photodraw_e11533157666476_this shape.png
155,CDM_photodraw_e11533157666476,2,this circle,age5,1533157949177.0,2018-08-01T21:12:29.177Z,1,0.0,0.0,NaN,0.0105625,"(107, 346, 112, 319)",/Users/zixianchai/Desktop/compositionality/shapedraw/analysis/tracing/tracing_CDM_photodraw_e1/this circle/age5_CDM_photodraw_e11533157666476_this circle.png
156,CDM_photodraw_e11533158163200,0,this square,age5,1533158296411.0,2018-08-01T21:18:16.411Z,1,0.0,0.0,NaN,0.0102125,"(109, 295, 115, 303)",/Users/zixianchai/Desktop/compositionality/shapedraw/analysis/tracing/tracing_CDM_photodraw_e1/this square/age5_CDM_photodraw_e11533158163200_this square.png
157,CDM_photodraw_e11533158163200,1,this shape,age5,1533158314788.0,2018-08-01T21:18:34.788Z,1,0.0,0.0,NaN,0.01790625,"(5, 370, 83, 266)",/Users/zixianchai/Desktop/compositionality/shapedraw/analysis/tracing/tracing_CDM_photodraw_e1/this shape/age5_CDM_photodraw_e11533158163200_this shape.png
158,CDM_photodraw_e11533158163200,2,this circle,age5,1533158326809.0,2018-08-01T21:18:46.809Z,1,0.0,0.0,NaN,0.009275,"(91, 287, 101, 295)",/Users/zixianchai/Desktop/compositionality/shapedraw/analysis/tracing/tracing_CDM_photodraw_e1/this circle/age5_CDM_photodraw_e11533158163200_this circle.png
159,CDM_photodraw_e11533158505451,0,this square,age4,1533159029079.0,2018-08-01T21:30:29.079Z,24,16.839,16.839,NaN,0.0378,"(45, 399, 64, 399)",/Users/zixianchai/Desktop/compositionality/shapedraw/analysis/tracing/tracing_CDM_photodraw_e1/this square/age4_CDM_photodraw_e11533158505451_this square.png
160,CDM_photodraw_e11533158505451,1,this shape,age4,1533159064424.0,2018-08-01T21:31:04.424Z,11,17.829,17.829,NaN,0.0130625,"(48, 346, 0, 260)",/Users/zixianchai/Desktop/compositionality/shapedraw/analysis/tracing/tracing_CDM_photodraw_e1/this shape/age4_CDM_photodraw_e11533158505451_this shape.png
161,CDM_photodraw_e11533158505451,2,this circle,age4,1533159091310.0,2018-08-01T21:31:31.310Z,31,9.318,9.318,NaN,0.06815625,"(11, 394, 13, 399)",/Users/zixianchai/Desktop/compositionality/shapedraw/analysis/tracing/tracing_CDM_photodraw_e1/this circle/age4_CDM_photodraw_e11533158505451_this circle.png
162,CDM_photodraw_e11533159385631,0,this square,age6,1533159411857.0,2018-08-01T21:36:51.857Z,1,0.0,0.0,NaN,0.0096625,"(115, 274, 123, 276)",/Users/zixianchai/Desktop/compositionality/shapedraw/analysis/tracing/tracing_CDM_photodraw_e1/this square/age6_CDM_photodraw_e11533159385631_this square.png
163,CDM_photodraw_e11533159385631,1,this shape,age6,1533159433290.0,2018-08-01T21:37:13.290Z,1,0.0,0.0,NaN,0.019025,"(8, 359, 59, 284)",/Users/zixianchai/Desktop/compositionality/shapedraw/analysis/tracing/tracing_CDM_photodraw_e1/this shape/age6_CDM_photodraw_e11533159385631_this shape.png
164,CDM_photodraw_e11533159385631,2,this circle,age6,1533159447720.0,2018-08-01T21:37:27.720Z,2,5.584,5.584,NaN,0.0110875,"(133, 391, 120, 343)",/Users/zixianchai/Desktop/compositionality/shapedraw/analysis/tracing/tracing_CDM_photodraw_e1/this circle/age6_CDM_photodraw_e11533159385631_this circle.png
165,CDM_photodraw_e11533159607984,0,this square,age5,1533160055364.0,2018-08-01T21:47:35.364Z,1,0.0,0.0,NaN,0.0101625,"(93, 292, 115, 308)",/Users/zixianchai/Desktop/compositionality/shapedraw/analysis/tracing/tracing_CDM_photodraw_e1/this square/age5_CDM_photodraw_e11533159607984_this square.png
166,CDM_photodraw_e11533159607984,1,this shape,age5,1533160075879.0,2018-08-01T21:47:55.879Z,1,0.0,0.0,NaN,0.0184375,"(3, 380, 93, 282)",/Users/zixianchai/Desktop/compositionality/shapedraw/analysis/tracing/tracing_CDM_photodraw_e1/this shape/age5_CDM_photodraw_e11533159607984_this shape.png
167,CDM_photodraw_e11533159607984,2,this circle,age5,1533160087798.0,2018-08-01T21:48:07.798Z,1,0.0,0.0,NaN,0.01226875,"(64, 314, 96, 332)",/Users/zixianchai/Desktop/compositionality/shapedraw/analysis/tracing/tracing_CDM_photodraw_e1/this circle/age5_CDM_photodraw_e11533159607984_this circle.png
168,CDM_photodraw_e11533160231802,0,this square,age5,1533160700450.0,2018-08-01T21:58:20.450Z,1,0.0,0.0,NaN,0.01143125,"(99, 284, 117, 300)",/Users/zixianchai/Desktop/compositionality/shapedraw/analysis/tracing/tracing_CDM_photodraw_e1/this square/age5_CDM_photodraw_e11533160231802_this square.png
169,CDM_photodraw_e11533160231802,1,this shape,age5,1533160735759.0,2018-08-01T21:58:55.759Z,5,8.461,8.461,NaN,0.0171,"(19, 364, 85, 279)",/Users/zixianchai/Desktop/compositionality/shapedraw/analysis/tracing/tracing_CDM_photodraw_e1/this shape/age5_CDM_photodraw_e11533160231802_this shape.png
170,CDM_photodraw_e11533160231802,2,this circle,age5,1533160760846.0,2018-08-01T21:59:20.846Z,1,0.0,0.0,NaN,0.01385625,"(19, 292, 72, 351)",/Users/zixianchai/Desktop/compositionality/shapedraw/analysis/tracing/tracing_CDM_photodraw_e1/this circle/age5_CDM_photodraw_e11533160231802_this circle.png
171,CDM_photodraw_e11533161870392,0,this square,age5,1533161972120.0,2018-08-01T22:19:32.120Z,1,0.0,0.0,NaN,0.0119375,"(99, 306, 101, 303)",/Users/zixianchai/Desktop/compositionality/shapedraw/analysis/tracing/tracing_CDM_photodraw_e1/this square/age5_CDM_photodraw_e11533161870392_this square.png
172,CDM_photodraw_e11533161870392,1,this shape,age5,1533162004049.0,2018-08-01T22:20:04.049Z,5,13.727,13.727,NaN,0.02218125,"(3, 388, 43, 268)",/Users/zixianchai/Desktop/compositionality/shapedraw/analysis/tracing/tracing_CDM_photodraw_e1/this shape/age5_CDM_photodraw_e11533161870392_this shape.png
173,CDM_photodraw_e11533161870392,2,this circle,age5,1533162019475.0,2018-08-01T22:20:19.475Z,1,0.0,0.0,NaN,0.01364375,"(80, 338, 51, 354)",/Users/zixianchai/Desktop/compositionality/shapedraw/analysis/tracing/tracing_CDM_photodraw_e1/this circle/age5_CDM_photodraw_e11533161870392_this circle.png
174,CDM_photodraw_e11533162144527,0,this square,age5,1533162222778.0,2018-08-01T22:23:42.778Z,1,0.0,0.0,NaN,0.010375,"(96, 295, 123, 308)",/Users/zixianchai/Desktop/compositionality/shapedraw/analysis/tracing/tracing_CDM_photodraw_e1/this square/age5_CDM_photodraw_e11533162144527_this square.png
175,CDM_photodraw_e11533162144527,1,this shape,age5,1533162253518.0,2018-08-01T22:24:13.518Z,13,21.501,21.501,NaN,0.0268,"(0, 399, 83, 359)",/Users/zixianchai/Desktop/compositionality/shapedraw/analysis/tracing/tracing_CDM_photodraw_e1/this shape/age5_CDM_photodraw_e11533162144527_this shape.png
176,CDM_photodraw_e11533162144527,2,this circle,age5,1533162264391.0,2018-08-01T22:24:24.391Z,1,0.0,0.0,NaN,0.012275,"(53, 327, 83, 316)",/Users/zixianchai/Desktop/compositionality/shapedraw/analysis/tracing/tracing_CDM_photodraw_e1/this circle/age5_CDM_photodraw_e11533162144527_this circle.png
177,CDM_photodraw_e11533164692587,0,this square,age4,1533164991599.0,2018-08-01T23:09:51.599Z,1,0.0,0.0,NaN,0.012725,"(56, 351, 101, 327)",/Users/zixianchai/Desktop/compositionality/shapedraw/analysis/tracing/tracing_CDM_photodraw_e1/this square/age4_CDM_photodraw_e11533164692587_this square.png
178,CDM_photodraw_e11533164692587,1,this shape,age4,1533165026908.0,2018-08-01T23:10:26.908Z,20,11.002,11.002,NaN,0.0191,"(0, 372, 115, 263)",/Users/zixianchai/Desktop/compositionality/shapedraw/analysis/tracing/tracing_CDM_photodraw_e1/this shape/age4_CDM_photodraw_e11533164692587_this shape.png
179,CDM_photodraw_e11533164692587,2,this circle,age4,1533165055320.0,2018-08-01T23:10:55.320Z,13,6.234,6.234,NaN,0.01845625,"(93, 399, 35, 298)",/Users/zixianchai/Desktop/compositionality/shapedraw/analysis/tracing/tracing_CDM_photodraw_e1/this circle/age4_CDM_photodraw_e11533164692587_this circle.png
